{
  "version": 1,
  "author": "Anonymous maker",
  "editor": "wokwi",
  "parts": [
    { "type": "board-esp32-devkit-c-v4", "id": "esp", "top": -96, "left": 81.64, "attrs": {} },
    {
      "type": "wokwi-led-ring",
      "id": "ring1",
      "top": -104.96,
      "left": -123.61,
      "attrs": { "pixels": "16" }
    }
  ],
  "connections": [
    [ "esp:TX", "$serialMonitor:RX", "", [] ],
    [ "esp:RX", "$serialMonitor:TX", "", [] ],
    [ "ring1:VCC", "esp:5V", "red", [ "v0" ] ],
    [ "ring1:GND", "esp:GND.2", "black", [ "v105.6", "h336", "v-105.6" ] ],
    [ "ring1:DIN", "esp:25", "green", [ "v28.8", "h96", "v-57.6" ] ]
  ],
  "dependencies": {}
}