{
  "version": 1,
  "author": "Anonymous maker",
  "editor": "wokwi",
  "parts": [
    { "type": "board-esp32-devkit-c-v4", "id": "esp", "top": -153.6, "left": 81.64, "attrs": {} },
    {
      "type": "wokwi-led-ring",
      "id": "ring1",
      "top": -200.96,
      "left": -162.01,
      "attrs": { "pixels": "16" }
    }
  ],
  "connections": [
    [ "esp:TX", "$serialMonitor:RX", "", [] ],
    [ "esp:RX", "$serialMonitor:TX", "", [] ],
    [ "ring1:DIN", "esp:27", "green", [ "v0" ] ]
  ],
  "dependencies": {}
}